[
  {
    "id": "1",
    "productName": "Apple iPhone 13",
    "stock": 100,
    "price": 799,
    "before_stocks": 0,
    "image": "https://m.media-amazon.com/images/I/71DVgBTdyLL._AC_SL1500_.jpg"
  },
  {
    "id": "2",
    "productName": "Samsung Galaxy S21",
    "stock": 100,
    "price": 699.99,
    "before_stocks": 0,
    "image": "https://encrypted-tbn0.gstatic.com/images?q=tbn:ANd9GcQIuk0OWLeX8jerT39kJpUL_Ahfv0aA81rSLg&s"
  },
  {
    "id": "1",
    "productName": "Apple iPhone 13",
    "stock": 100,
    "price": 799,
    "before_stocks": 0,
    "image": "https://m.media-amazon.com/images/I/71DVgBTdyLL._AC_SL1500_.jpg"
  },
  {
    "id": "1",
    "productName": "Apple iPhone 13",
    "stock": 100,
    "price": 799,
    "before_stocks": 0,
    "image": "https://m.media-amazon.com/images/I/71DVgBTdyLL._AC_SL1500_.jpg"
  },
  {
    "id": "2",
    "productName": "Samsung Galaxy S21",
    "stock": 100,
    "price": 699.99,
    "before_stocks": 0,
    "image": "https://encrypted-tbn0.gstatic.com/images?q=tbn:ANd9GcQIuk0OWLeX8jerT39kJpUL_Ahfv0aA81rSLg&s"
  },
  {
    "id": "3",
    "productName": "Sony WH-1000XM4 Headphones",
    "stock": 100,
    "price": 348,
    "before_stocks": 0,
    "image": "https://m.media-amazon.com/images/I/71o8Q5XJS5L._AC_SL1500_.jpg"
  },
  {
    "id": "4",
    "productName": "Dell XPS 13 Laptop",
    "stock": 200,
    "price": 999.99,
    "before_stocks": 0,
    "image": "https://m.media-amazon.com/images/I/71d5fMDvq9L._AC_SL1500_.jpg"
  },
  {
    "id": "5",
    "productName": "Apple MacBook Air",
    "stock": 200,
    "price": 999,
    "before_stocks": 0,
    "image": "https://m.media-amazon.com/images/I/71vFKBpKakL._AC_SL1500_.jpg"
  },
  {
    "id": "6",
    "productName": "Nintendo Switch",
    "stock": 200,
    "price": 299,
    "before_stocks": 0,
    "image": "https://m.media-amazon.com/images/I/61-PblYntsL._AC_SL1500_.jpg"
  }
]