[
  {
    "id": "Alexa-02 red 3x4",
    "productCat": "Alexa-02",
    "productClass": "Alexa",
    "before_stock": 100,
    "after_stock": 80,
    "sales": 20,
    "date": "2024-08-22T10:31:52.529Z",
    "employee_id": "Anji-09"
  },
  {
    "id": "M1 black 13",
    "productCat": "M1",
    "productClass": "Macbook",
    "before_stock": 100,
    "after_stock": 65,
    "sales": 0,
    "date": "2024-08-22T12:58:13.173Z",
    "employee_id": "Pri01",
    "revoked": true
  },
  {
    "id": "Alexa-02 red 3x4",
    "productCat": "Alexa-02",
    "productClass": "Alexa",
    "before_stock": 78,
    "after_stock": 55,
    "sales": 23,
    "date": "2024-08-22T12:58:25.689Z",
    "employee_id": "Pri01"
  },
  {
    "id": "M1 black 13",
    "productCat": "M1",
    "productClass": "Macbook",
    "before_stock": 90,
    "after_stock": 70,
    "sales": 20,
    "date": "2024-08-22T12:58:42.836Z",
    "employee_id": "Pri01"
  },
  {
    "id": "Iphone 13 Black 13*1",
    "productCat": "Iphone 13",
    "productClass": "Iphone",
    "before_stock": 300,
    "after_stock": 280,
    "sales": 20,
    "date": "2024-08-22T13:12:19.570Z",
    "employee_id": "Pri01"
  }
]