[
  {
    "id": "Alexa-02 red 3x4",
    "productClass": "Alexa",
    "productCat": "Alexa-02",
    "color": "red",
    "size": "3x4",
    "stock": 65,
    "price": 100,
    "before_stocks": 0
  },
  {
    "id": "M1 black 13",
    "productClass": "Macbook",
    "productCat": "M1",
    "color": "black",
    "size": "13",
    "stock": 70,
    "price": 100000,
    "before_stocks": 0
  },
  {
    "id": "Iphone 13 Black 13*1",
    "productClass": "Iphone",
    "productCat": "Iphone 13",
    "color": "Black",
    "size": "13*1",
    "stock": 270,
    "price": 300,
    "before_stocks": 0
  },
  {
    "id": "34 red 12",
    "productClass": "12",
    "productCat": "34",
    "color": "red",
    "size": "12",
    "stock": 34,
    "price": 2334,
    "before_stocks": 0
  }
]